{
	"class_name" : "PoseGraph",
	"edges" : 
	[
		{
			"class_name" : "PoseGraphEdge",
			"confidence" : 1.0,
			"information" : 
			[
				39880.887632706261,
				-6969.6133193357336,
				-13564.540587181114,
				0.0,
				-11183.16660785675,
				5742.4692716598511,
				-6969.6133193357336,
				37445.438240404495,
				-16194.687305641764,
				11183.16660785675,
				0.0,
				-4815.8546359539032,
				-13564.540587181114,
				-16194.687305641764,
				14219.847476924242,
				-5742.4692716598511,
				4815.8546359539032,
				0.0,
				0.0,
				11183.16660785675,
				-5742.4692716598511,
				3967.0,
				0.0,
				0.0,
				-11183.16660785675,
				0.0,
				4815.8546359539032,
				0.0,
				3967.0,
				0.0,
				5742.4692716598511,
				-4815.8546359539032,
				0.0,
				0.0,
				0.0,
				3967.0
			],
			"source_node_id" : 0,
			"target_node_id" : 1,
			"transformation" : 
			[
				0.999465577986832,
				-0.032548991279140085,
				-0.0030201963775298756,
				0.0,
				0.032530883599407937,
				0.99945353671199011,
				-0.0058625562798950495,
				0.0,
				0.0032093662443147325,
				0.0057611735439607997,
				0.99997825418741348,
				0.0,
				-0.099910733206843461,
				-0.052863540368615909,
				-0.045413630645125144,
				1.0
			],
			"uncertain" : false,
			"version_major" : 1,
			"version_minor" : 0
		},
		{
			"class_name" : "PoseGraphEdge",
			"confidence" : 1.0,
			"information" : 
			[
				2.0,
				0.0,
				0.0,
				0.0,
				0.0,
				0.0,
				0.0,
				2.0,
				0.0,
				0.0,
				0.0,
				0.0,
				0.0,
				0.0,
				2.0,
				0.0,
				0.0,
				0.0,
				0.0,
				0.0,
				0.0,
				2.0,
				0.0,
				0.0,
				0.0,
				0.0,
				0.0,
				0.0,
				2.0,
				0.0,
				0.0,
				0.0,
				0.0,
				0.0,
				0.0,
				2.0
			],
			"source_node_id" : 0,
			"target_node_id" : 5,
			"transformation" : 
			[
				0.76416561810619743,
				0.58782871285466598,
				0.26553401373082108,
				0.0,
				-0.18597717980358111,
				0.59497936796031703,
				-0.78192841123330981,
				0.0,
				-0.61762723118130058,
				0.54813954066931569,
				0.56398550270211023,
				0.0,
				1.7657324061172532,
				-3.5397359095925998,
				1.0933130176157668,
				1.0
			],
			"uncertain" : true,
			"version_major" : 1,
			"version_minor" : 0
		},
		{
			"class_name" : "PoseGraphEdge",
			"confidence" : 1.0,
			"information" : 
			[
				2.0,
				0.0,
				0.0,
				0.0,
				0.0,
				0.0,
				0.0,
				2.0,
				0.0,
				0.0,
				0.0,
				0.0,
				0.0,
				0.0,
				2.0,
				0.0,
				0.0,
				0.0,
				0.0,
				0.0,
				0.0,
				2.0,
				0.0,
				0.0,
				0.0,
				0.0,
				0.0,
				0.0,
				2.0,
				0.0,
				0.0,
				0.0,
				0.0,
				0.0,
				0.0,
				2.0
			],
			"source_node_id" : 0,
			"target_node_id" : 10,
			"transformation" : 
			[
				1.0,
				0.0,
				0.0,
				0.0,
				0.0,
				1.0,
				0.0,
				0.0,
				0.0,
				0.0,
				1.0,
				0.0,
				0.0,
				0.0,
				0.0,
				1.0
			],
			"uncertain" : true,
			"version_major" : 1,
			"version_minor" : 0
		},
		{
			"class_name" : "PoseGraphEdge",
			"confidence" : 1.0,
			"information" : 
			[
				55057.277276401757,
				-9115.2639309298829,
				-17463.109621182375,
				0.0,
				-15420.054550886154,
				8039.8766753673553,
				-9115.2639309298829,
				50421.583273731514,
				-22547.167015313567,
				15420.054550886154,
				0.0,
				-6235.7379265427589,
				-17463.109621182375,
				-22547.167015313567,
				18923.443734733304,
				-8039.8766753673553,
				6235.7379265427589,
				0.0,
				0.0,
				15420.054550886154,
				-8039.8766753673553,
				5499.0,
				0.0,
				0.0,
				-15420.054550886154,
				0.0,
				6235.7379265427589,
				0.0,
				5499.0,
				0.0,
				8039.8766753673553,
				-6235.7379265427589,
				0.0,
				0.0,
				0.0,
				5499.0
			],
			"source_node_id" : 1,
			"target_node_id" : 2,
			"transformation" : 
			[
				0.99729375503968398,
				-0.073167330471012343,
				0.0071908212737918755,
				0.0,
				0.07261776016732914,
				0.99560876752993221,
				0.059074892516276102,
				0.0,
				-0.011481596889205893,
				-0.058392840051456445,
				0.99822765397658575,
				0.0,
				-0.16878296874901716,
				0.26398040457320537,
				-0.09578965652657187,
				1.0
			],
			"uncertain" : false,
			"version_major" : 1,
			"version_minor" : 0
		},
		{
			"class_name" : "PoseGraphEdge",
			"confidence" : 1.0,
			"information" : 
			[
				71613.392611108939,
				-11535.862235313145,
				-22316.004512079504,
				0.0,
				-19658.973559379578,
				10174.418906331062,
				-11535.862235313145,
				65463.692862865748,
				-29199.416695574586,
				19658.973559379578,
				0.0,
				-7771.3075758814812,
				-22316.004512079504,
				-29199.416695574586,
				24129.56676448954,
				-10174.418906331062,
				7771.3075758814812,
				0.0,
				0.0,
				19658.973559379578,
				-10174.418906331062,
				6850.0,
				0.0,
				0.0,
				-19658.973559379578,
				0.0,
				7771.3075758814812,
				0.0,
				6850.0,
				0.0,
				10174.418906331062,
				-7771.3075758814812,
				0.0,
				0.0,
				0.0,
				6850.0
			],
			"source_node_id" : 2,
			"target_node_id" : 3,
			"transformation" : 
			[
				0.99977530485227895,
				-0.0052075279819445795,
				0.020548028125614032,
				0.0,
				0.005275040470778136,
				0.99998086141689302,
				-0.0032327616614458063,
				0.0,
				-0.02053080016865913,
				0.0033404269555440498,
				0.99978364049037594,
				0.0,
				-0.0027926205436435004,
				0.042063032804972846,
				0.014223902373320579,
				1.0
			],
			"uncertain" : false,
			"version_major" : 1,
			"version_minor" : 0
		},
		{
			"class_name" : "PoseGraphEdge",
			"confidence" : 1.0,
			"information" : 
			[
				53232.207729377937,
				-8209.5735280710232,
				-15607.717711775946,
				0.0,
				-14499.218602895737,
				7629.734864115715,
				-8209.5735280710232,
				47643.174820450302,
				-21920.426217880216,
				14499.218602895737,
				0.0,
				-5431.4285851120949,
				-15607.717711775946,
				-21920.426217880216,
				17508.193368350116,
				-7629.734864115715,
				5431.4285851120949,
				0.0,
				0.0,
				14499.218602895737,
				-7629.734864115715,
				5048.0,
				0.0,
				0.0,
				-14499.218602895737,
				0.0,
				5431.4285851120949,
				0.0,
				5048.0,
				0.0,
				7629.734864115715,
				-5431.4285851120949,
				0.0,
				0.0,
				0.0,
				5048.0
			],
			"source_node_id" : 3,
			"target_node_id" : 4,
			"transformation" : 
			[
				0.99943945113096522,
				-0.027225442891686595,
				0.019482268409705836,
				0.0,
				0.027363829458823315,
				0.99960191771448836,
				-0.0068721858869787841,
				0.0,
				-0.019287414559363354,
				0.0074014431611862655,
				0.99978658436625722,
				0.0,
				-0.023711902084907095,
				0.042668720800788651,
				-0.0038645055702627587,
				1.0
			],
			"uncertain" : false,
			"version_major" : 1,
			"version_minor" : 0
		},
		{
			"class_name" : "PoseGraphEdge",
			"confidence" : 1.0,
			"information" : 
			[
				43671.163704085528,
				-6595.0947755153811,
				-12421.108740169144,
				0.0,
				-11798.289501667023,
				6263.0956476926804,
				-6595.0947755153811,
				38684.753590084838,
				-18075.380037894596,
				11798.289501667023,
				0.0,
				-4304.1422731280327,
				-12421.108740169144,
				-18075.380037894596,
				14223.034812154907,
				-6263.0956476926804,
				4304.1422731280327,
				0.0,
				0.0,
				11798.289501667023,
				-6263.0956476926804,
				4090.0,
				0.0,
				0.0,
				-11798.289501667023,
				0.0,
				4304.1422731280327,
				0.0,
				4090.0,
				0.0,
				6263.0956476926804,
				-4304.1422731280327,
				0.0,
				0.0,
				0.0,
				4090.0
			],
			"source_node_id" : 4,
			"target_node_id" : 5,
			"transformation" : 
			[
				0.99968403783717485,
				-0.017839060307035401,
				-0.017708540903285615,
				0.0,
				0.017717382688711036,
				0.9998184998372911,
				-0.0070044081670763009,
				0.0,
				0.017830278859937869,
				0.0066884460430802527,
				0.99981865647991641,
				0.0,
				-0.087230632339491618,
				0.026306129264394514,
				0.038813680691093685,
				1.0
			],
			"uncertain" : false,
			"version_major" : 1,