{
    "width": 848,
    "height": 480,
    "intrinsic_matrix": [
        429.2621765136719,
        0,
        0,
        0,
        428.6877746582031,
        0,
        411.2706604003906,
        240.03396606445312,
        1
    ]
}