{
    "width": 848,
    "height": 480,
    "intrinsic_matrix": [
        427.25286865234375,
        0,
        0,
        0,
        426.5339660644531,
        0,
        420.024658203125,
        239.740478515625,
        1
    ]
}