{
    "width": 848,
    "height": 480,
    "intrinsic_matrix": [
        431.08221435546875,
        0,
        0,
        0,
        430.5560302734375,
        0,
        422.3030090332031,
        233.90623474121094,
        1
    ]
}