{
    "width": 640,
    "height": 480,
    "intrinsic_matrix": [
        427.2529296875,
        0,
        0,
        0,
        426.5339660644531,
        0,
        316.024658203125,
        239.740478515625,
        1
    ]
}