{
    "width": 1280,
    "height": 720,
    "intrinsic_matrix": [
        640.87939453125,
        0,
        0,
        0,
        639.8009643554688,
        0,
        634.0369873046875,
        359.6107177734375,
        1
    ]
}