{
	"class_name" : "PoseGraph",
	"edges" : 
	[
		{
			"class_name" : "PoseGraphEdge",
			"confidence" : 1.0,
			"information" : 
			[
				0.0,
				0.0,
				0.0,
				0.0,
				0.0,
				0.0,
				0.0,
				0.0,
				0.0,
				0.0,
				0.0,
				0.0,
				0.0,
				0.0,
				0.0,
				0.0,
				0.0,
				0.0,
				0.0,
				0.0,
				0.0,
				0.0,
				0.0,
				0.0,
				0.0,
				0.0,
				0.0,
				0.0,
				0.0,
				0.0,
				0.0,
				0.0,
				0.0,
				0.0,
				0.0,
				0.0
			],
			"source_node_id" : 0,
			"target_node_id" : 1,
			"transformation" : 
			[
				-0.10002126045558973,
				-0.93471655933584286,
				0.34102888610825638,
				0.0,
				0.94420186973003684,
				0.018933828563524074,
				0.32882265635784597,
				0.0,
				-0.31381296444726242,
				0.35488936845063751,
				0.88066733759435345,
				0.0,
				14.990748108901409,
				51.662880182751238,
				15.097546065221216,
				1.0
			],
			"uncertain" : false,
			"version_major" : 1,
			"version_minor" : 0
		}
	],
	"nodes" : 
	[
		{
			"class_name" : "PoseGraphNode",
			"pose" : 
			[
				1.0,
				0.0,
				0.0,
				0.0,
				0.0,
				1.0,
				0.0,
				0.0,
				0.0,
				0.0,
				1.0,
				0.0,
				0.0,
				0.0,
				0.0,
				1.0
			],
			"version_major" : 1,
			"version_minor" : 0
		},
		{
			"class_name" : "PoseGraphNode",
			"pose" : 
			[
				-0.10002126045559041,
				0.94420186973003595,
				-0.3138129644472617,
				0.0,
				-0.93471655933584219,
				0.018933828563524192,
				0.35488936845063485,
				0.0,
				0.34102888610826004,
				0.32882265635784763,
				0.880667337594357,
				0.0,
				44.640843813235151,
				-20.096883711205823,
				-26.926231514527398,
				1.0
			],
			"version_major" : 1,
			"version_minor" : 0
		}
	],
	"version_major" : 1,
	"version_minor" : 0
}